Show_id,Type,Title,Director,Date_added,Release_year,Duration,Genre
s1,Movie,Dick Johnson Is Dead,Kirsten Johnson,9/25/21,2020,90 min,Documentaries
s2,TV Show,Ganglands,Julien Leclercq,9/24/21,2021,1 Season,Crime TV Shows
s3,TV Show,Midnight Mass,Mike Flanagan,9/24/21,2021,1 Season,TV Dramas
s4,Movie,Sankofa,Haile Gerima,9/24/21,1993,125 min,Dramas
s5,TV Show,The Great British Baking Show,Andy Devonshire,9/24/21,2021,9 Seasons,British TV Shows
s6,Movie,The Starling,Theodore Melfi,9/24/21,2021,104 min,Comedies
s7,TV Show,Bangkok Breaking,Kongkiat Komesiri,9/23/21,2021,1 Season,Crime TV Shows
s8,Movie,Je Suis Karl,Christian Schwochow,9/23/21,2021,127 min,Dramas
s9,Movie,Confessions of an Invisible Girl,Bruno Garotti,9/22/21,2021,91 min,Children & Family Movies
s10,Movie,Intrusion,Adam Salky,9/22/21,2021,94 min,Thrillers
s11,TV Show,Monsters Inside: The 24 Faces of Billy Milligan,Olivier Megaton,9/22/21,2021,1 Season,Crime TV Shows
s12,Movie,Avvai Shanmughi,K.S. Ravikumar,9/21/21,1996,161 min,Comedies
s13,Movie,Jeans,S. Shankar,9/21/21,1998,166 min,Comedies
s14,Movie,Minsara Kanavu,Rajiv Menon,9/21/21,1997,147 min,Comedies
s15,Movie,Grown Ups,Dennis Dugan,9/20/21,2010,103 min,Comedies
s16,Movie,Dark Skies,Scott Stewart,9/19/21,2013,97 min,Horror Movies
s17,Movie,Paranoia,Robert Luketic,9/19/21,2013,106 min,Thrillers
s18,Movie,Ankahi Kahaniya,Ashwiny Iyer Tiwari,9/17/21,2021,111 min,Dramas
s19,Movie,The Father Who Moves Mountains,Daniel Sandu,9/17/21,2021,110 min,Dramas
s20,Movie,Birth of the Dragon,George Nolfi,9/16/21,2017,96 min,Action & Adventure
s21,Movie,Jaws,Steven Spielberg,9/16/21,1975,124 min,Action & Adventure
s22,Movie,Jaws 2,Jeannot Szwarc,9/16/21,1978,116 min,Dramas
s23,Movie,Jaws 3,Joe Alves,9/16/21,1983,98 min,Action & Adventure
s24,Movie,Jaws: The Revenge,Joseph Sargent,9/16/21,1987,91 min,Action & Adventure
s25,Movie,My Heroes Were Cowboys,Tyler Greco,9/16/21,2021,23 min,Documentaries
s26,Movie,Safe House,Daniel Espinosa,9/16/21,2012,115 min,Action & Adventure
s27,TV Show,The Smart Money Woman,Bunmi Ajakaiye,9/16/21,2020,1 Season,Romantic TV Shows
s28,Movie,Training Day,Antoine Fuqua,9/16/21,2001,122 min,Dramas
s29,Movie,House Party 3,Eric Meza,9/1/21,1994,94 min,Comedies
s30,TV Show,HQ Barbers,Gerhard Mostert,9/1/21,2020,1 Season,TV Shows
s31,Movie,I Got the Hook Up,Michael Martin,9/1/21,1998,93 min,Action & Adventure
s32,Movie,In Too Deep,Michael Rymer,9/1/21,1999,97 min,Thrillers
s33,Movie,Janoskians: Untold and Untrue,Brett Weiner,9/1/21,2016,88 min,Comedies
s34,Movie,Labyrinth,Jim Henson,9/1/21,1986,101 min,Action & Adventure
s35,Movie,Letters to Juliet,Gary Winick,9/1/21,2010,105 min,Comedies
s36,Movie,Level 16,Danishka Esterhazy,9/1/21,2018,102 min,Sci-Fi & Fantasy
s37,Movie,Love Don't Cost a Thing,Troy Byer,9/1/21,2003,101 min,Comedies
s38,Movie,Love in a Puff,Pang Ho-cheung,9/1/21,2010,103 min,Comedies
s39,Movie,Mars Attacks!,Tim Burton,9/1/21,1996,106 min,Comedies
s40,Movie,Marshall,Reginald Hudlin,9/1/21,2017,118 min,Dramas
s41,Movie,My Boss's Daughter,David Zucker,9/1/21,2003,86 min,Comedies
s42,Movie,Mystery Men,Kinka Usher,9/1/21,1999,121 min,Action & Adventure
s43,Movie,Once Upon a Time in America,Sergio Leone,9/1/21,1984,229 min,Classic Movies
s44,Movie,Poseidon,Wolfgang Petersen,9/1/21,2006,98 min,Action & Adventure
s45,Movie,Rhyme & Reason,Peter Spirer,9/1/21,1997,89 min,Documentaries
s46,Movie,Same Kind of Different as Me,Michael Carney,9/1/21,2017,120 min,Dramas
s47,Movie,School of Rock,Richard Linklater,9/1/21,2003,110 min,Comedies
s48,Movie,Snervous Tyler Oakley,Amy Rice,9/1/21,2015,83 min,Documentaries
s49,Movie,Tears of the Sun,Antoine Fuqua,9/1/21,2003,121 min,Action & Adventure
s50,Movie,The Blue Lagoon,Randal Kleiser,9/1/21,1980,105 min,Dramas
s51,Movie,The Golden Child,Michael Ritchie,9/1/21,1986,94 min,Action & Adventure
s52,Movie,The Guns of Navarone,J. Lee Thompson,9/1/21,1961,156 min,Action & Adventure
s53,Movie,The Nutty Professor,Tom Shadyac,9/1/21,1996,95 min,Comedies
s54,Movie,The Nutty Professor II: The Klumps,Peter Segal,9/1/21,2000,107 min,Comedies
s55,Movie,Welcome Home Roscoe Jenkins,Malcolm D. Lee,9/1/21,2008,114 min,Comedies
s56,Movie,In the Line of Fire,Wolfgang Petersen,8/31/21,1993,129 min,Action & Adventure
s57,Movie,Thimmarusu,Sharan Koppisetty,8/28/21,2021,125 min,Dramas
s58,Movie,Wind River,Taylor Sheridan,8/28/21,2017,107 min,Dramas
s59,Movie,C Kkompany,Sachin Yardi,8/27/21,2008,127 min,Action & Adventure
s60,Movie,EMI: Liya Hai To Chukana Padega,Saurabh Kabra,8/27/21,2008,128 min,Comedies
s61,Movie,He's All That,Mark Waters,8/27/21,2021,92 min,Comedies
s62,TV Show,King of Boys: The Return of the King,Kemi Adetiba,8/27/21,2021,1 Season,Crime TV Shows
s63,Movie,Koi Aap Sa,Partho Mitra,8/27/21,2006,135 min,Comedies
s64,Movie,Krishna Cottage,Santram Varma,8/27/21,2004,124 min,Action & Adventure
s65,Movie,Kucch To Hai,"Anil V. Kumar, Anurag Basu",8/27/21,2003,136 min,Dramas
s66,Movie,Kyaa Kool Hai Hum,Sangeeth Sivan,8/27/21,2005,165 min,Comedies
s67,Movie,Kyaa Kool Hain Hum 3,Umesh Ghadge,8/27/21,2016,124 min,Comedies
s68,Movie,Kyaa Super Kool Hain Hum,Sachin Yardi,8/27/21,2012,136 min,Comedies
s69,Movie,Kyo Kii... Main Jhuth Nahin Bolta,David Dhawan,8/27/21,2001,150 min,Comedies
s70,Movie,"LSD: Love, Sex Aur Dhokha",Dibakar Banerjee,8/27/21,2010,112 min,Dramas
s71,Movie,Mission Istaanbul: Darr Ke Aagey Jeet Hai,Apoorva Lakhia,8/27/21,2008,119 min,Action & Adventure
s72,Movie,Once Upon a Time in Mumbaai,Milan Luthria,8/27/21,2010,133 min,Dramas
s73,Movie,Once Upon a Time in Mumbai Dobaara!,Milan Luthria,8/27/21,2013,142 min,Dramas
s74,Movie,Ragini MMS,Pawan Kripalani,8/27/21,2011,93 min,Horror Movies
s75,Movie,Ragini MMS 2,Bhushan Patel,8/27/21,2014,113 min,Horror Movies
s76,Movie,SAS: Rise of the Black Swan,Magnus Martens,8/27/21,2021,124 min,Action & Adventure
s77,Movie,Shootout at Lokhandwala,Apoorva Lakhia,8/27/21,2007,116 min,Action & Adventure
s78,Movie,The Dirty Picture,Milan Luthria,8/27/21,2011,145 min,Comedies
s79,TV Show,Clickbait,Brad Anderson,8/25/21,2021,1 Season,Crime TV Shows
s80,TV Show,John of God: The Crimes of a Spiritual Healer,"Mauricio Dias, Tatiana Villela",8/25/21,2021,1 Season,Crime TV Shows
s81,Movie,Really Love,Angel Kristi Williams,8/25/21,2020,95 min,Dramas
s82,Movie,The November Man,Roger Donaldson,8/25/21,2014,108 min,Action & Adventure
s83,Movie,The Old Ways,Christopher Alender,8/25/21,2020,90 min,Horror Movies
s84,Movie,The River Runner,Rush Sturges,8/25/21,2021,86 min,Documentaries
s85,Movie,The Water Man,David Oyelowo,8/25/21,2021,92 min,Children & Family Movies
s86,Movie,Count Me In,Mark Lo,8/24/21,2021,82 min,Documentaries
s87,Movie,Untold: Caitlyn Jenner,Crystal Moselle,8/24/21,2021,70 min,Documentaries
s88,Movie,Boomika,Rathindran R Prasad,8/23/21,2021,122 min,Horror Movies
s89,Movie,Boomika (Hindi),Rathindran R Prasad,8/23/21,2021,122 min,Horror Movies
s90,Movie,Boomika (Malayalam),Rathindran R Prasad,8/23/21,2021,122 min,Horror Movies
s91,Movie,Boomika (Telugu),Rathindran R Prasad,8/23/21,2021,122 min,Horror Movies
s92,Movie,The Witcher: Nightmare of the Wolf,Han Kwang Il,8/23/21,2021,84 min,Action & Adventure
s93,Movie,Gunshot,Karim El Shenawy,8/20/21,2018,96 min,Dramas
s94,Movie,Man in Love,Yin Chen-hao,8/20/21,2021,115 min,Dramas
s95,Movie,Sweet Girl,Brian Andrew Mendoza,8/20/21,2021,110 min,Action & Adventure
s96,Movie,The Loud House Movie,Dave Needham,8/20/21,2021,88 min,Children & Family Movies
s97,Movie,A Faraway Land,Veronica Velasco,8/19/21,2020,102 min,Dramas
s98,Movie,Like Crazy,Drake Doremus,8/19/21,2011,91 min,Dramas
s99,Movie,Black Island,Miguel Alexandre,8/18/21,2021,105 min,International Movies
s100,Movie,Bombay,Mani Ratnam,8/18/21,1995,135 min,Dramas
s101,Movie,Memories of a Murderer: The Nilsen Tapes,Michael Harte,8/18/21,2021,86 min,Documentaries
s102,Movie,Nneka The Pretty Serpent,Tosin Igho,8/18/21,2020,140 min,Dramas
s103,Movie,O Kadhal Kanmani,Mani Ratnam,8/18/21,2015,133 min,Dramas
s104,Movie,Out of my league,Alice Filippi,8/18/21,2020,92 min,Comedies
s105,Movie,Pahuna,Paakhi Tyrewala,8/18/21,2018,82 min,Comedies
s106,Movie,The Secret Diary of an Exchange Student,Bruno Garotti,8/18/21,2021,97 min,Comedies
s107,Movie,Untold: Deal With the Devil,Laura Brownson,8/18/21,2021,78 min,Documentaries
s108,Movie,Walk of Shame,Steve Brill,8/16/21,2014,94 min,Comedies
s109,Movie,The Piano,Jane Campion,8/15/21,1993,121 min,Classic Movies
s110,Movie,Unroyal,Moses Inwang,8/15/21,2020,97 min,Dramas
s111,Movie,Beckett,Ferdinando Cito Filomarino,8/13/21,2021,110 min,Action & Adventure
s112,TV Show,Gone for Good,Juan Carlos Medina,8/13/21,2021,1 Season,Crime TV Shows
s113,Movie,Monster Hunter: Legends of the Guild,Steven Yamamoto,8/12/21,2021,59 min,Action & Adventure
s114,Movie,The Paper Tigers,Quoc Bao Tran,8/7/21,2021,111 min,Action & Adventure
s115,Movie,Chennai Express,Rohit Shetty,8/5/21,2013,135 min,Action & Adventure
s116,Movie,Beethoven,Brian Levant,8/1/21,1992,87 min,Children & Family Movies
s117,Movie,Beethoven's 2nd,Rod Daniel,8/1/21,1993,88 min,Children & Family Movies
s118,Movie,Beowulf,Robert Zemeckis,8/1/21,2007,114 min,Action & Adventure
s119,Movie,Boyka: Undisputed,Todor Chapkanov,8/1/21,2016,90 min,Action & Adventure
s120,Movie,Deep Blue Sea,Renny Harlin,8/1/21,1999,105 min,Action & Adventure
s121,Movie,Inception,Christopher Nolan,8/1/21,2010,148 min,Action & Adventure
s122,Movie,My Girl 2,Howard Zieff,8/1/21,1994,99 min,Children & Family Movies
s123,Movie,Open Season: Scared Silly,David Feiss,8/1/21,2015,85 min,Children & Family Movies
s124,Movie,Pineapple Express,David Gordon Green,8/1/21,2008,112 min,Action & Adventure
s125,Movie,Planet 51,Jorge Blanco,8/1/21,2009,91 min,Children & Family Movies
s126,Movie,Space Cowboys,Clint Eastwood,8/1/21,2000,130 min,Action & Adventure
s127,Movie,Team America: World Police,Trey Parker,8/1/21,2004,98 min,Action & Adventure
s128,Movie,The Last Boy Scout,Tony Scott,8/1/21,1991,105 min,Action & Adventure
s129,Movie,The Losers,Sylvain White,8/1/21,2010,97 min,Action & Adventure
s130,Movie,The Net,Irwin Winkler,8/1/21,1995,114 min,Thrillers
s131,Movie,Rurouni Kenshin: The Beginning,Keishi Otomo,7/30/21,2021,138 min,Action & Adventure
s132,Movie,The Last Mercenary,David Charhon,7/30/21,2021,112 min,Action & Adventure
s133,Movie,Bartkowiak,Daniel Markowicz,7/28/21,2021,92 min,Action & Adventure
s134,Movie,Department,Ram Gopal Varma,7/27/21,2012,143 min,Action & Adventure
s135,Movie,Hostage House,David Benullo,7/27/21,2021,86 min,Thrillers
s136,Movie,Django Unchained,Quentin Tarantino,7/24/21,2012,165 min,Action & Adventure
s137,Movie,A Second Chance:  Rivals!,Clay Glen,7/23/21,2021,91 min,Children & Family Movies
s138,Movie,Blood Red Sky,Peter Thorwarth,7/23/21,2021,123 min,Action & Adventure
s139,Movie,Chhota Bheem - Dinosaur World,Sidheswar Shukla,7/22/21,2015,65 min,Children & Family Movies
s140,Movie,Chhota Bheem - Neeli Pahaadi,Rajiv Chilaka,7/22/21,2013,64 min,Children & Family Movies
s141,Movie,Chhota Bheem & Ganesh,Rajiv Chilaka,7/22/21,2009,68 min,Children & Family Movies
s142,Movie,Chhota Bheem & Krishna: Mayanagari,Rajiv Chilaka,7/22/21,2011,67 min,Children & Family Movies
s143,Movie,Chhota Bheem & Krishna: Pataliputra- City of the Dead,Rajiv Chilaka,7/22/21,2010,66 min,Children & Family Movies
s144,Movie,Chhota Bheem And The Broken Amulet,Rajiv Chilaka,7/22/21,2013,64 min,Children & Family Movies
s145,Movie,Chhota Bheem And The Crown of Valhalla,Rajiv Chilaka,7/22/21,2013,64 min,Children & Family Movies
s146,Movie,Chhota Bheem and the Incan Adventure,Rajiv Chilaka,7/22/21,2013,65 min,Children & Family Movies
s147,Movie,Chhota Bheem and The ShiNobi Secret,Rajiv Chilaka,7/22/21,2013,64 min,Children & Family Movies
s148,Movie,Chhota Bheem Aur Hanuman,Rajiv Chilaka,7/22/21,2012,68 min,Children & Family Movies
s149,Movie,Chhota Bheem aur Krishna,Rajiv Chilaka,7/22/21,2009,68 min,Children & Family Movies
s150,Movie,Chhota Bheem aur Krishna vs Zimbara,Rajiv Chilaka,7/22/21,2013,64 min,Children & Family Movies
s151,Movie,Chhota Bheem in African Safari,Binayak Das,7/22/21,2015,62 min,Children & Family Movies
s152,Movie,Chhota Bheem: Bheem vs Aliens,Rajiv Chilaka,7/22/21,2010,69 min,Children & Family Movies
s153,Movie,Chhota Bheem: Dholakpur to Kathmandu,Rajiv Chilaka,7/22/21,2012,70 min,Children & Family Movies
s154,Movie,Chhota Bheem: Journey to Petra,Rajiv Chilaka,7/22/21,2011,68 min,Children & Family Movies
s155,Movie,Chhota Bheem: Master of Shaolin,Rajiv Chilaka,7/22/21,2011,74 min,Children & Family Movies
s156,Movie,Chhota Bheem: The Rise of Kirmada,Rajiv Chilaka,7/22/21,2012,68 min,Children & Family Movies
s157,Movie,Words Bubble Up Like Soda Pop,Kyohei Ishiguro,7/22/21,2021,87 min,Action & Adventure
s158,Movie,Cosmic Sin,Edward Drake,7/17/21,2021,88 min,Action & Adventure
s159,Movie,Twilight,Catherine Hardwicke,7/16/21,2008,122 min,Action & Adventure
s160,Movie,Gunpowder Milkshake,Navot Papushado,7/14/21,2021,115 min,Action & Adventure
s161,Movie,American Ultra,Nima Nourizadeh,7/10/21,2015,96 min,Action & Adventure
s162,Movie,How I Became a Superhero,Douglas Attal,7/9/21,2021,101 min,Action & Adventure
s163,Movie,Lethal Love,Avi Federgreen,7/9/21,2021,89 min,Thrillers
s164,Movie,Brick Mansions,Camille Delamarre,7/7/21,2014,90 min,Action & Adventure
s165,Movie,Major Grom: Plague Doctor,Oleg Trofim,7/7/21,2021,138 min,Action & Adventure
s166,Movie,Snowpiercer,Bong Joon Ho,7/2/21,2013,126 min,Action & Adventure
s167,Movie,6 Bullets,Ernie Barbarash,7/1/21,2012,115 min,Action & Adventure
s168,Movie,Air Force One,Wolfgang Petersen,7/1/21,1997,125 min,Action & Adventure
s169,Movie,Austin Powers in Goldmember,Jay Roach,7/1/21,2002,94 min,Action & Adventure
s170,Movie,Austin Powers: The Spy Who Shagged Me,Jay Roach,7/1/21,1999,95 min,Action & Adventure
s171,Movie,Charlie's Angels,McG,7/1/21,2000,98 min,Action & Adventure
s172,Movie,Congo,Frank Marshall,7/1/21,1995,108 min,Action & Adventure
s173,Movie,Dennis the Menace,Nick Castle,7/1/21,1993,96 min,Children & Family Movies
s174,Movie,Dynasty Warriors,Chow Hin Yeung Roy,7/1/21,2021,118 min,Action & Adventure
s175,Movie,Kung Fu Panda 2,Jennifer Yuh Nelson,7/1/21,2011,93 min,Children & Family Movies
s176,Movie,Midnight Run,Martin Brest,7/1/21,1988,126 min,Action & Adventure
s177,Movie,Mobile Suit Gundam Hathaway,Shuko Murase,7/1/21,2021,96 min,Action & Adventure
s178,Movie,Mortal Kombat,Paul W.S. Anderson,7/1/21,1995,101 min,Action & Adventure
s179,Movie,Snow Day,Chris Koch,7/1/21,2000,89 min,Children & Family Movies
s180,Movie,Star Trek,J.J. Abrams,7/1/21,2009,128 min,Action & Adventure
s181,Movie,Stuart Little,Rob Minkoff,7/1/21,1999,85 min,Children & Family Movies
s182,Movie,Talladega Nights: The Ballad of Ricky Bobby,Adam McKay,7/1/21,2006,108 min,Action & Adventure
s183,Movie,The Game,David Fincher,7/1/21,1997,129 min,Thrillers
s184,Movie,The Karate Kid,John G. Avildsen,7/1/21,1984,127 min,Action & Adventure
s185,Movie,The Karate Kid Part II,John G. Avildsen,7/1/21,1986,113 min,Action & Adventure
s186,Movie,The Karate Kid Part III,John G. Avildsen,7/1/21,1989,112 min,Children & Family Movies
s187,Movie,The Long Riders,Walter Hill,7/1/21,1980,100 min,Action & Adventure
s188,Movie,The Sum of All Fears,Phil Alden Robinson,7/1/21,2002,124 min,Action & Adventure
s189,Movie,The Tourist,Florian Henckel von Donnersmarck,7/1/21,2010,103 min,Action & Adventure
s190,Movie,Underworld,Len Wiseman,7/1/21,2003,121 min,Action & Adventure
s191,Movie,Underworld: Rise of the Lycans,Patrick Tatopoulos,7/1/21,2009,92 min,Action & Adventure
s192,Movie,America: The Motion Picture,Matt Thompson,6/30/21,2021,98 min,Action & Adventure
s193,Movie,Lying and Stealing,Matt Aselton,6/30/21,2019,100 min,Thrillers
s194,TV Show,Sophie: A Murder in West Cork,John Dower,6/30/21,2021,1 Season,Action & Adventure
s195,Movie,The Ice Road,Jonathan Hensleigh,6/25/21,2021,109 min,Action & Adventure
s196,Movie,Mobile Suit Gundam: Char's Counterattack,Yoshiyuki Tomino,6/19/21,1988,120 min,Action & Adventure
s197,TV Show,They've Gotta Have Us,Simon Frederick,6/19/21,2018,1 Season,Action & Adventure
s198,Movie,Jagame Thandhiram,Karthik Subbaraj,6/18/21,2021,159 min,Action & Adventure
s199,Movie,Rurouni Kenshin: The Final,Keishi Otomo,6/18/21,2021,137 min,Action & Adventure
s200,Movie,Silver Skates,Michael Lockshin,6/16/21,2020,138 min,Action & Adventure
s201,Movie,Rogue Warfare: Death of a Nation,Mike Gunther,6/15/21,2020,99 min,Action & Adventure
s202,TV Show,The American Bible Challenge,Michael Simon,6/15/21,2014,1 Season,Reality TV
s203,Movie,Skater Girl,Manjari Makijany,6/11/21,2021,110 min,Children & Family Movies
s204,TV Show,Trese,Jay Oliva,6/11/21,2021,1 Season,Action & Adventure
s205,Movie,Wish Dragon,Chris Appelhans,6/11/21,2021,102 min,Children & Family Movies
s206,Movie,Vampire Academy,Mark Waters,6/7/21,2014,104 min,Action & Adventure
s207,Movie,Xtreme,Daniel Benmayor,6/4/21,2021,112 min,Action & Adventure
s208,TV Show,Pretty Guardian Sailor Moon Eternal The Movie,Chiaki Kon,6/3/21,2021,1 Season,TV Shows
s209,Movie,American Outlaws,Les Mayfield,6/2/21,2001,94 min,Action & Adventure
s210,Movie,Battlefield Earth,Roger Christian,6/2/21,2000,118 min,Action & Adventure
s211,Movie,Company of Heroes,Don Michael Paul,6/2/21,2013,101 min,Action & Adventure
s212,Movie,Cradle 2 the Grave,Andrzej Bartkowiak,6/2/21,2003,101 min,Action & Adventure
s213,Movie,Domestic Disturbance,Harold Becker,6/2/21,2001,89 min,Thrillers
s214,Movie,Felon,Ric Roman Waugh,6/2/21,2008,104 min,Action & Adventure
s215,Movie,Never Back Down 2: The Beatdown,Michael Jai White,6/2/21,2011,104 min,Action & Adventure
s216,Movie,Ninja Assassin,James McTeigue,6/2/21,2009,99 min,Action & Adventure
s217,TV Show,Ouran High School Host Club,Takuya Igarashi,6/2/21,2006,1 Season,Action & Adventure
s218,Movie,Seven Souls in the Skull Castle: Season Moon Jogen,Hidenori Inoue,6/2/21,2017,204 min,Action & Adventure
s219,Movie,Seven Souls in the Skull Castle: Season Moon Kagen,Hidenori Inoue,6/2/21,2017,212 min,Action & Adventure
s220,Movie,Sniper: Legacy,Don Michael Paul,6/2/21,2014,98 min,Action & Adventure
s221,Movie,Starsky & Hutch,Todd Phillips,6/2/21,2004,101 min,Action & Adventure
s222,Movie,Streets of Fire,Walter Hill,6/2/21,1984,94 min,Action & Adventure
s223,Movie,Super Monsters: Once Upon a Rhyme,Steve Ball,6/2/21,2021,25 min,Children & Family Movies
s224,Movie,Swordfish,Dominic Sena,6/2/21,2001,99 min,Action & Adventure
s225,Movie,The Interpreter,Sydney Pollack,6/2/21,2005,128 min,Thrillers
s226,Movie,The Outlaw Josey Wales,Clint Eastwood,6/2/21,1976,136 min,Action & Adventure
s227,Movie,Welcome Home,George Ratliff,6/2/21,2018,97 min,Thrillers
s228,Movie,Dog Gone Trouble,Kevin Johnson,5/28/21,2021,88 min,Children & Family Movies
s229,Movie,Blue Miracle,Julio Quintana,5/27/21,2021,97 min,Children & Family Movies
s230,Movie,Gatao - The Last Stray,Ray Jiang,5/26/21,2021,120 min,Action & Adventure
s231,Movie,Home,Tim Johnson,5/25/21,2015,94 min,Children & Family Movies
s232,Movie,Army of the Dead,Zack Snyder,5/21/21,2021,148 min,Action & Adventure
s233,Movie,Little Singham Future mein Satakli,Prakash Satam,5/20/21,2021,47 min,Children & Family Movies
s234,Movie,Spy Kids: All the Time in the World,Robert Rodriguez,5/20/21,2011,88 min,Children & Family Movies
s235,Movie,Sabotage,David Ayer,5/19/21,2014,109 min,Action & Adventure
s236,TV Show,Halston,Daniel Minahan,5/14/21,2021,1 Season,TV Dramas
s237,Movie,Jungle Beat: The Movie,Brent Dawes,5/14/21,2021,90 min,Children & Family Movies
s238,Movie,Sleepless,Baran bo Odar,5/8/21,2017,95 min,Action & Adventure
s239,Movie,Super Me,Zhang Chong,5/8/21,2021,104 min,Action & Adventure
s240,Movie,Dead Man Down,Niels Arden Oplev,5/6/21,2013,118 min,Action & Adventure
s241,Movie,Aliens Stole My Body,Sean McNamara,5/1/21,2020,88 min,Children & Family Movies
s242,Movie,Au coeur des gangs,Vondie Curtis-Hall,5/1/21,2006,97 min,Action & Adventure
s243,Movie,Best of the Best,Robert Radler,5/1/21,1989,97 min,Action & Adventure
s244,Movie,Due Date,Todd Phillips,5/1/21,2010,95 min,Action & Adventure
s245,Movie,Green Zone,Paul Greengrass,5/1/21,2010,115 min,Action & Adventure
s246,Movie,Motu Patlu in Dragon's World,Suhas Kadav,5/1/21,2017,78 min,Children & Family Movies
s247,Movie,Motu Patlu in the Game of Zones,Suhas Kadav,5/1/21,2019,87 min,Children & Family Movies
s248,Movie,Motu Patlu in Wonderland,Suhas Kadav,5/1/21,2013,76 min,Children & Family Movies
s249,Movie,Motu Patlu: Deep Sea Adventure,Suhas Kadav,5/1/21,2014,76 min,Children & Family Movies
s250,Movie,Motu Patlu: Mission Moon,Suhas Kadav,5/1/21,2013,71 min,Children & Family Movies
s251,Movie,Never Back Down,Jeff Wadlow,5/1/21,2008,113 min,Action & Adventure
s252,Movie,S.M.A.R.T Chase,Charles Martin,5/1/21,2018,94 min,Action & Adventure
s253,Movie,Stargate,Roland Emmerich,5/1/21,1994,121 min,Action & Adventure
s254,Movie,The Darkest Hour,Chris Gorak,5/1/21,2011,89 min,Action & Adventure
s255,Movie,The Whole Nine Yards,Jonathan Lynn,5/1/21,2000,99 min,Action & Adventure
s256,Movie,Under Siege,Andrew Davis,5/1/21,1992,102 min,Action & Adventure
s257,Movie,Battle: Los Angeles,Jonathan Liebesman,4/27/21,2011,116 min,Action & Adventure
s258,Movie,Between Worlds,Maria Pulera,4/27/21,2018,91 min,Thrillers
s259,Movie,Wild Dog,Ahishor Solomon,4/22/21,2020,126 min,Action & Adventure
s260,Movie,Motu Patlu Dino Invasion,Suhas Kadav,4/20/21,2018,80 min,Children & Family Movies
s261,Movie,Motu Patlu in Octupus World,Suhas Kadav,4/20/21,2017,81 min,Children & Family Movies
s262,Movie,Motu Patlu VS Robo Kids,Suhas Kadav,4/20/21,2019,84 min,Children & Family Movies
s263,Movie,Miss Sloane,John Madden,4/19/21,2016,132 min,Thrillers
s264,Movie,Delhi Belly,Abhinay Deo,4/17/21,2011,101 min,Action & Adventure
s265,Movie,Arlo the Alligator Boy,Ryan Crego,4/16/21,2021,93 min,Children & Family Movies
s266,Movie,Barbie & Chelsea: The Lost Birthday,Cassi Simonds,4/16/21,2021,60 min,Children & Family Movies
s267,Movie,Four Sisters Before the Wedding,Mae Czarina Cruz,4/16/21,2020,116 min,Children & Family Movies
s268,Movie,Rush,Ron Howard,4/16/21,2013,123 min,Action & Adventure
s269,Movie,Only Mine,Michael Civille,4/15/21,2019,88 min,Thrillers
s270,Movie,Motu Patlu in Hong Kong: Kung Fu Kings 3,Suhas Kadav,4/13/21,2017,84 min,Children & Family Movies
s271,Movie,Motu Patlu in the City of Gold,Suhas Kadav,4/13/21,2018,77 min,Children & Family Movies
s272,Movie,Motu Patlu Kung Fu Kings 4 The Challenge of Kung Fu Brothers,Suhas Kadav,4/13/21,2018,86 min,Children & Family Movies
s273,Movie,Motu Patlu the Superheroes â€“ Super Villains from Mars,Suhas Kadav,4/13/21,2019,79 min,Children & Family Movies
s274,Movie,Shiva VS Autobots,Suhas Kadav,4/13/21,2018,80 min,Children & Family Movies
s275,Movie,Shiva: Journey to Plunotaria,Suhas Kadav,4/13/21,2019,81 min,Children & Family Movies
s276,Movie,Shiva: The Secret World Of Vedas City,Suhas Kadav,4/13/21,2017,78 min,Children & Family Movies
s277,Movie,New Gods: Nezha Reborn,Zhao Ji,4/12/21,2021,118 min,Action & Adventure
s278,Movie,Thunder Force,Ben Falcone,4/9/21,2021,107 min,Action & Adventure
s279,Movie,The Last Kids on Earth: Happy Apocalypse to You,Steve Rolston,4/6/21,2021,92 min,Children & Family Movies
s280,Movie,Escape from Planet Earth,Cal Brunker,4/3/21,2013,89 min,Children & Family Movies
s281,Movie,Air Strike,Xiao Feng,4/2/21,2018,97 min,Action & Adventure
s282,Movie,An American Girl: McKenna Shoots for the Stars,Vince Marcello,4/2/21,2012,94 min,Children & Family Movies
s283,Movie,Woody Woodpecker,Alex Zamm,4/2/21,2017,91 min,Children & Family Movies
s284,Movie,2012,Roland Emmerich,4/1/21,2009,158 min,Action & Adventure
s285,Movie,Into the Grizzly Maze,David Hackl,4/1/21,2015,90 min,Action & Adventure
s286,Movie,Kingsglaive: Final Fantasy XV,Takeshi Nozue,4/1/21,2016,116 min,Action & Adventure
s287,Movie,Maximum Risk,Ringo Lam,4/1/21,1996,101 min,Action & Adventure
s288,Movie,S.W.A.T.: Under Siege,Tony Giglio,4/1/21,2017,89 min,Action & Adventure
s289,Movie,Seven Souls in the Skull Castle: Season Bird,Hidenori Inoue,4/1/21,2017,182 min,Action & Adventure
s290,Movie,Seven Souls in the Skull Castle: Season Flower,Hidenori Inoue,4/1/21,2017,181 min,Action & Adventure
s291,Movie,Seven Souls in the Skull Castle: Season Wind,Hidenori Inoue,4/1/21,2017,185 min,Action & Adventure
s292,Movie,Sniper: Ghost Shooter,Don Michael Paul,4/1/21,2016,99 min,Action & Adventure
s293,Movie,Takers,John Luessenhop,4/1/21,2010,107 min,Action & Adventure
s294,Movie,The Knight and the Princess,Bashir El Deek,4/1/21,2019,96 min,Action & Adventure
s295,Movie,Universal Soldier: The Return,Mic Rodgers,4/1/21,1999,83 min,Action & Adventure
s296,Movie,Octonauts & the Ring of Fire,Blair Simmons,3/30/21,2021,73 min,Children & Family Movies
s297,Movie,A Week Away,Roman White,3/26/21,2021,98 min,Children & Family Movies
s298,Movie,Secret Magic Control Agency,Aleksey Tsitsilin,3/25/21,2021,105 min,Children & Family Movies
s299,Movie,Jiu Jitsu,Dimitri Logothetis,3/20/21,2020,102 min,Action & Adventure
s300,Movie,The Yin Yang Master,Li Weiran,3/19/21,2021,120 min,Action & Adventure
s301,Movie,Deadly Illusions,Anna Elizabeth James,3/18/21,2021,115 min,Thrillers
s302,Movie,Get the Goat,Vitor Brandt,3/18/21,2021,98 min,Action & Adventure
s303,Movie,Skylines,Liam O'Donnell,3/18/21,2020,113 min,Action & Adventure
s304,Movie,The BFG,Steven Spielberg,3/15/21,2016,118 min,Children & Family Movies
s305,Movie,YES DAY,Miguel Arteta,3/12/21,2021,90 min,Children & Family Movies
s306,Movie,Sentinelle,Julien Leclercq,3/5/21,2021,81 min,Action & Adventure
s307,Movie,Parker,Taylor Hackford,3/4/21,2013,119 min,Action & Adventure
s308,Movie,Indoo Ki Jawani,Abir Sengupta,3/2/21,2020,115 min,Action & Adventure
s309,Movie,Banyuki,Hidenori Inoue,3/1/21,2009,182 min,Action & Adventure
s310,Movie,Dances with Wolves,Kevin Costner,3/1/21,1990,181 min,Action & Adventure
s311,Movie,Seven Souls in the Skull Castle 2011,Hidenori Inoue,3/1/21,2011,177 min,Action & Adventure
s312,Movie,No Escape,John Erick Dowdle,2/26/21,2015,103 min,Action & Adventure
s313,Movie,Animals on the Loose: A You vs. Wild Movie,Ben Simms,2/16/21,2021,139 min,Children & Family Movies
s314,Movie,Awara Paagal Deewana,Vikram Bhatt,2/16/21,2002,162 min,Action & Adventure
s315,Movie,The Resurrection of Gavin Stone,Dallas Jenkins,2/16/21,2017,92 min,Children & Family Movies
s316,Movie,Monster Run,Henri Wong,2/7/21,2020,104 min,Action & Adventure
s317,Movie,Space Sweepers,Jo Sung-hee,2/5/21,2021,138 min,Action & Adventure
s318,Movie,The Yin-Yang Master: Dream Of Eternity,Guo Jingming,2/5/21,2021,133 min,Action & Adventure
s319,Movie,Black Beach,Esteban Crespo,2/3/21,2020,116 min,Action & Adventure
s320,Movie,Beverly Hills Ninja,Dennis Dugan,2/1/21,1997,89 min,Action & Adventure
s321,Movie,Shutter Island,Martin Scorsese,2/1/21,2010,139 min,Thrillers
s322,Movie,Zathura,Jon Favreau,2/1/21,2005,101 min,Children & Family Movies
s323,Movie,June & Kopi,Noviandra Santosa,1/28/21,2021,90 min,Children & Family Movies
s324,Movie,Penguin Bloom,Glendyn Ivin,1/27/21,2021,95 min,Children & Family Movies
s325,Movie,The White Tiger,Ramin Bahrani,1/22/21,2021,127 min,Dramas
s326,Movie,Friendsgiving,Nicol Paone,1/21/21,2020,95 min,Comedies
s327,Movie,The Shadow of Violence,Nick Rowland,1/21/21,2020,101 min,Dramas
s328,Movie,Cut Throat City,RZA,1/20/21,2020,123 min,Dramas
s329,Movie,Sightless,Cooper Karl,1/20/21,2020,89 min,Thrillers
s330,Movie,Homefront,Gary Fleder,1/18/21,2013,100 min,Action & Adventure
s331,Movie,A Monster Calls,J.A. Bayona,1/16/21,2016,108 min,Dramas
s332,Movie,Death of Me,Darren Lynn Bousman,1/16/21,2020,94 min,Horror Movies
s333,Movie,Double Dad,Cris D'Amato,1/15/21,2020,105 min,Children & Family Movies
s334,Movie,Pinkfong & Baby Shark's Space Adventure,Byeon Hee-sun,1/15/21,2019,65 min,Children & Family Movies
s335,Movie,The Vanished,Peter Facinelli,1/15/21,2020,115 min,Thrillers
s336,Movie,Tribhanga - Tedhi Medhi Crazy,Renuka Shahane,1/15/21,2021,96 min,Dramas
s337,Movie,What Would Sophia Loren Do?,Ross Kauffman,1/15/21,2021,32 min,Documentaries
s338,Movie,Wish You,Sung Do-jun,1/15/21,2021,102 min,Dramas
s339,Movie,Tanda Tanya,Hanung Bramantyo,1/14/21,2011,102 min,Dramas
s340,Movie,An Imperfect Murder,James Toback,1/13/21,2017,71 min,Dramas
s341,TV Show,Night Stalker: The Hunt for a Serial Killer,Tiller Russell,1/13/21,2021,1 Season,Crime TV Shows
s342,Movie,Al acecho,Francisco D'Eufemia,1/12/21,2019,81 min,International Movies
s343,Movie,Chris Rock Total Blackout: The Tamborine Extended Cut,Chris Rock,1/12/21,2021,98 min,Stand-Up Comedy
s344,TV Show,Last Tango in Halifax,Juliet May,1/12/21,2020,4 Seasons,Action & Adventure
s345,Movie,"Crack: Cocaine, Corruption & Conspiracy",Stanley Nelson,1/11/21,2021,90 min,Documentaries
s346,Movie,Apaharan,Prakash Jha,1/8/21,2005,161 min,Dramas
s347,Movie,BluffMaster!,Rohan Sippy,1/8/21,2005,129 min,Comedies
s348,Movie,Charming,Ross Venokur,1/8/21,2021,85 min,Children & Family Movies
s349,Movie,Gangaajal,Prakash Jha,1/8/21,2003,148 min,Dramas
s350,Movie,Is Love Enough? Sir,Rohena Gera,1/8/21,2018,99 min,Dramas
s351,TV Show,The Idhun Chronicles,Maite Ruiz De Austri,1/8/21,2021,2 Seasons,Action & Adventure
s352,Movie,Tony Parker: The Final Shot,Florent Bodin,1/6/21,2020,99 min,Documentaries
s353,Movie,Hello Brother,Sohail Khan,1/4/21,1999,126 min,Action & Adventure
s354,Movie,Playing for Keeps,Gabriele Muccino,1/3/21,2012,106 min,Comedies
s355,Movie,Case 39,Christian Alvart,1/1/21,2009,111 min,Horror Movies
s356,Movie,Eddie Murphy: Raw,Robert Townsend,1/1/21,1987,90 min,Stand-Up Comedy
s357,Movie,Full Out 2: You Got This!,Jeff Deverett,1/1/21,2020,91 min,Children & Family Movies
s358,Movie,Gimme Shelter,Ron Krauss,1/1/21,2013,101 min,Dramas
s359,Movie,Good Burger,Brian Robbins,1/1/21,1997,96 min,Children & Family Movies
s360,Movie,Good Hair,Jeff Stilson,1/1/21,2009,96 min,Documentaries
s361,Movie,Into the Wild,Sean Penn,1/1/21,2007,148 min,Action & Adventure
s362,Movie,London Heist,Mark McQueen,1/1/21,2017,96 min,Action & Adventure
s363,Movie,Mean Girls 2,Melanie Mayron,1/1/21,2011,98 min,Comedies
s364,Movie,Mystic Pizza,Donald Petrie,1/1/21,1988,104 min,Comedies
s365,TV Show,The Cat in the Hat Knows a Lot About That!,Tony Collingwood,1/1/21,2014,1 Season,Kids' TV
s366,Movie,Unknown,Jaume Collet-Serra,1/1/21,2011,113 min,Action & Adventure
s367,Movie,What Happened to Mr. Cha?,Kim Dong-kyu,1/1/21,2021,102 min,Comedies
s368,Movie,Alaska Is a Drag,Shaz Bennett,12/31/20,2017,83 min,Dramas
s369,Movie,Bobby Jasoos,Samar Shaikh,12/31/20,2014,116 min,Comedies
s370,Movie,Tarung Sarung,Archie Hekagery,12/31/20,2020,116 min,Action & Adventure
s371,Movie,Too Handsome to Handle,Sabrina Rochelle Kalangie,12/31/20,2019,106 min,Comedies
s372,TV Show,SanPa: Sins of the Savior,Cosima Spender,12/30/20,2020,1 Season,Crime TV Shows
s373,Movie,The Rope Curse 2,Liao Shih-han,12/30/20,2020,105 min,Horror Movies
s374,Movie,Rango,Gore Verbinski,12/28/20,2011,110 min,Children & Family Movies
s375,Movie,The Magic School Bus Rides Again In the Zone,Richard Weston,12/26/20,2020,46 min,Children & Family Movies
s376,Movie,AK vs AK,Vikramaditya Motwane,12/25/20,2020,109 min,Comedies
s377,Movie,Isa Pa with Feelings,Prime Cruz,12/25/20,2019,102 min,International Movies
s378,Movie,We Can Be Heroes,Robert Rodriguez,12/25/20,2020,101 min,Children & Family Movies
s379,Movie,Bridezilla,Andibachtiar Yusuf,12/24/20,2019,94 min,Comedies
s380,Movie,Cemara's Family,Yandy Laurens,12/24/20,2018,110 min,Children & Family Movies
s381,Movie,"Hello, Love, Goodbye",Cathy Garcia-Molina,12/24/20,2019,117 min,Dramas
s382,Movie,The Midnight Sky,George Clooney,12/23/20,2020,119 min,Dramas
s383,Movie,Your Name Engraved Herein,Liu Kuang-hui,12/23/20,2020,115 min,Dramas
s384,Movie,After We Collided,Roger Kumble,12/22/20,2020,105 min,Dramas
s385,Movie,"Ariana grande: excuse me, i love you",Paul Dugdale,12/21/20,2020,98 min,Documentaries
s386,Movie,The Con Is On,James Haslam,12/21/20,2018,95 min,Comedies
s387,Movie,Mohamed Hussein,Muhammad Ali,12/20/20,2019,96 min,Comedies
s388,Movie,Rhys Nicholson Live at the Athenaeum,Thomas Toby Parkinson,12/20/20,2020,66 min,Stand-Up Comedy
s389,Movie,Atlas Shrugged: Part II,John Putch,12/19/20,2012,112 min,Dramas
s390,Movie,Guest House,Sam Macaroni,12/18/20,2020,84 min,Comedies
s391,Movie,Ma Rainey's Black Bottom,George C. Wolfe,12/18/20,2020,94 min,Dramas
s392,Movie,Mukhsin,Yasmin Ahmad,12/18/20,2006,98 min,Children & Family Movies
s393,Movie,Rabun,Yasmin Ahmad,12/18/20,2004,85 min,Dramas
s394,Movie,Talentime,Yasmin Ahmad,12/18/20,2009,120 min,Dramas
s395,Movie,An Unremarkable Christmas,Juan Camilo Pinzon,12/17/20,2020,83 min,Comedies
s396,Movie,Braven,Lin Oeding,12/17/20,2018,94 min,Action & Adventure
s397,Movie,Eggnoid: Love & Time Portal,Naya Anindita,12/17/20,2019,102 min,Dramas
s398,Movie,Love You to the Stars and Back,Antoinette Jadaone,12/17/20,2017,111 min,Comedies
s399,Movie,Sakaling Maging Tayo,JP Habac,12/17/20,2019,90 min,International Movies
s400,TV Show,Schulz Saves America,Alexx Media,12/17/20,2020,1 Season,Stand-Up Comedy
s401,Movie,The Wedding Shaman,Farishad I. Latjuba,12/17/20,2019,111 min,Dramas
s402,TV Show,BREAK IT ALL: The History of Rock in Latin America,Picky Talarico,12/16/20,2020,1 Season,Docuseries
s403,Movie,Bwakaw,Jun Lana,12/16/20,2012,110 min,Dramas
s404,Movie,Incarnate,Brad Peyton,12/16/20,2016,87 min,Horror Movies
s405,Movie,Lee Daniels' The Butler,Lee Daniels,12/16/20,2013,132 min,Dramas
s406,Movie,Nocturnal Animals,Tom Ford,12/16/20,2016,117 min,Dramas
s407,Movie,Vir Das: Outside In - The Lockdown Special,Vir Das,12/16/20,2020,50 min,Stand-Up Comedy
s408,Movie,Grizzlies,Miranda de Pencier,12/15/20,2018,106 min,Dramas
s409,Movie,The Professor and the Madman,Farhad Safinia,12/15/20,2019,125 min,Dramas
s410,Movie,A California Christmas,Shaun Paul Piccinino,12/14/20,2020,107 min,Comedies
s411,Movie,A Trash Truck Christmas,Eddie Rosas,12/11/20,2020,28 min,Children & Family Movies
s412,Movie,Canvas,Frank E. Abney III,12/11/20,2020,9 min,Children & Family Movies
s413,Movie,The Prom,Ryan Murphy,12/11/20,2020,132 min,Comedies
s414,Movie,Torbaaz,Girish Malik,12/11/20,2020,133 min,Dramas
s415,Movie,Funny Boy,Deepa Mehta,12/10/20,2020,109 min,Dramas
s416,TV Show,Futmalls.com,Lai Chun-yu,12/10/20,2020,1 Season,Crime TV Shows
s417,Movie,Just The Way You Are,Theodore Boborol,12/10/20,2016,107 min,International Movies
s418,Movie,She's the One,Mae Czarina Cruz,12/10/20,2013,111 min,Dramas
s419,Movie,The Panti Sisters,Jun Lana,12/10/20,2019,108 min,Comedies
s420,Movie,"Kalel, 15",Jun Lana,12/9/20,2019,105 min,Dramas
s421,Movie,Rose Island,Sydney Sibilia,12/9/20,2020,119 min,Comedies
s422,Movie,Bobbleheads The Movie,Kirk Wise,12/8/20,2020,83 min,Children & Family Movies
s423,Movie,Triple 9,John Hillcoat,12/8/20,2016,115 min,Dramas
s424,Movie,Ava,Tate Taylor,12/7/20,2020,97 min,Action & Adventure
s425,TV Show,Room 2806: The Accusation,Jalil Lespert,12/7/20,2020,1 Season,Crime TV Shows
s426,Movie,Mighty Express: A Mighty Christmas,Clint Butler,12/5/20,2020,26 min,Children & Family Movies
s427,Movie,Captain Underpants Mega Blissmas,"Erik Kling, Kevin Peaty",12/4/20,2020,46 min,Children & Family Movies
s428,Movie,Christmas Crossfire,Detlev Buck,12/4/20,2020,106 min,Comedies
s429,Movie,MANK,David Fincher,12/4/20,2020,133 min,Dramas
s430,Movie,You Are My Home,Amanda Raymond,12/4/20,2020,93 min,Children & Family Movies
s431,Movie,Between Maybes,Jason Paul Laxamana,12/3/20,2019,108 min,Dramas
s432,Movie,Break,Marc Fouchard,12/3/20,2018,96 min,Comedies
s433,Movie,Chico Bon Bon and the Very Berry Holiday,Darragh O'Connell,12/3/20,2020,25 min,Children & Family Movies
s434,Movie,Just Another Christmas,Roberto Santucci,12/3/20,2020,101 min,Comedies
s435,Movie,Must Be... Love,Dado C. Lumibao,12/3/20,2013,106 min,Comedies
s436,Movie,Fierce,Anna Wieczur-Bluszcz,12/2/20,2020,118 min,Comedies
s437,Movie,3 Days to Kill,McG,12/1/20,2014,117 min,Action & Adventure
s438,Movie,Angels & Demons,Ron Howard,12/1/20,2009,139 min,Thrillers
s439,Movie,Chef,Jon Favreau,12/1/20,2014,115 min,Comedies
s440,Movie,Effie Gray,Richard Laxton,12/1/20,2014,109 min,Dramas
s441,Movie,Monster House,Gil Kenan,12/1/20,2006,91 min,Children & Family Movies
s442,Movie,Natalie Palamides: Nate - A One Man Show,Phil Burgers,12/1/20,2020,60 min,Comedies
s443,Movie,Peppermint,Pierre Morel,12/1/20,2018,102 min,Action & Adventure
s444,Movie,Quigley Down Under,Simon Wincer,12/1/20,1990,120 min,Action & Adventure
s445,Movie,The Da Vinci Code,Ron Howard,12/1/20,2006,149 min,Thrillers
s446,Movie,The Happytime Murders,Brian Henson,12/1/20,2018,91 min,Action & Adventure
s447,Movie,U-Turn,Derick Cabrido,12/1/20,2020,99 min,Horror Movies
s448,Movie,Finding Agnes,Marla M. Ancheta,11/30/20,2020,106 min,Dramas
s449,Movie,Rust Creek,Jen McGowan,11/30/20,2018,108 min,Thrillers
s450,Movie,Spookley and the Christmas Kittens,Bernie Denk,11/30/20,2019,45 min,Children & Family Movies
s451,Movie,The 2nd,Brian Skiba,11/30/20,2020,93 min,Action & Adventure
s452,Movie,Dance Dreams: Hot Chocolate Nutcracker,Oliver Bokelberg,11/27/20,2020,81 min,Children & Family Movies
s453,Movie,The Beast,Ludovico Di Martino,11/27/20,2020,100 min,Action & Adventure
s454,Movie,The Call,Lee Chung-hyun,11/27/20,2020,112 min,International Movies
s455,Movie,Fantastica,Barry Gonzalez,11/26/20,2018,114 min,Comedies
s456,Movie,Larry the Cable Guy: Remain Seated,Brian Volk-Weiss,11/26/20,2020,68 min,Stand-Up Comedy
s457,Movie,Mosul,Matthew Michael Carnahan,11/26/20,2020,103 min,Action & Adventure
s458,Movie,Unexpectedly Yours,Cathy Garcia-Molina,11/26/20,2017,121 min,Comedies
s459,Movie,Ghosts of War,Eric Bress,11/25/20,2020,95 min,Horror Movies
s460,Movie,Shawn Mendes: Live in Concert,Paul Dugdale,11/25/20,2020,87 min,Music & Musicals
s461,Movie,The Christmas Chronicles: Part Two,Chris Columbus,11/25/20,2020,115 min,Children & Family Movies
s462,Movie,Andhaghaaram,V Vignarajan,11/24/20,2020,171 min,Horror Movies
s463,Movie,Andhakaaram,V Vignarajan,11/24/20,2020,171 min,Horror Movies
s464,TV Show,Before 30,BB Sasore,11/24/20,2015,1 Season,International Movies
s465,Movie,Hillbilly Elegy,Ron Howard,11/24/20,2020,117 min,Dramas
s466,Movie,Hard Kill,Matt Eskandari,11/23/20,2020,98 min,Action & Adventure
s467,Movie,Shawn Mendes: In Wonder,Grant Singer,11/23/20,2020,83 min,Documentaries
s468,Movie,The Suit,Mohammad Adel,11/23/20,2018,97 min,Action & Adventure
s469,Movie,Machete Kills,Robert Rodriguez,11/22/20,2013,108 min,Action & Adventure
s470,Movie,40 Sticks,Victor Gatonye,11/20/20,2019,93 min,International Movies
s471,Movie,Alien Xmas,Stephen Chiodo,11/20/20,2020,42 min,Children & Family Movies
s472,Movie,The App That Stole Christmas,Monica Floyd,11/20/20,2020,64 min,Children & Family Movies
s473,Movie,Black Friday,Anurag Kashyap,11/19/20,2004,162 min,Dramas
s474,Movie,Bodyguard,Siddique,11/19/20,2011,130 min,Action & Adventure
s475,Movie,Break Ke Baad,Danish Aslam,11/19/20,2010,108 min,Comedies
s476,Movie,Hawaizaada,Vibhu Virender Puri,11/19/20,2015,129 min,Dramas
s477,Movie,My Amnesia Girl,Cathy Garcia-Molina,11/19/20,2010,105 min,International Movies
s478,Movie,Raman Raghav 2.0,Anurag Kashyap,11/19/20,2016,133 min,International Movies
s479,Movie,Singham,Rohit Shetty,11/19/20,2011,142 min,Action & Adventure
s480,Movie,TE3N,Ribhu Dasgupta,11/19/20,2016,128 min,Dramas
s481,Movie,The Princess Switch: Switched Again,Mike Rohl,11/19/20,2020,97 min,Children & Family Movies
s482,Movie,Three Words to Forever,Cathy Garcia-Molina,11/19/20,2018,107 min,Comedies
s483,Movie,Well Done Abba,Shyam Benegal,11/19/20,2009,135 min,Comedies
s484,Movie,Ainu Mosir,Takeshi Fukunaga,11/17/20,2020,84 min,Dramas
s485,Movie,Loving,Jeff Nichols,11/16/20,2016,124 min,Dramas
s486,Movie,A Very Country Christmas,Justin G. Dyck,11/15/20,2017,84 min,Music & Musicals
s487,Movie,Hometown Holiday,Justin G. Dyck,11/15/20,2018,84 min,Romantic Movies
s488,Movie,White Christmas,Michael Curtiz,11/15/20,1954,120 min,Children & Family Movies
s489,Movie,Fukrey Boyzzz: Space Mein Fukrapanti,Avinash Walzade,11/13/20,2020,75 min,Children & Family Movies
s490,Movie,Jingle Jangle: A Christmas Journey,David E. Talbert,11/13/20,2020,124 min,Children & Family Movies
s491,Movie,The Beginning of Life 2: Outside,Renata Terra,11/13/20,2020,92 min,Documentaries
s492,Movie,The Life Ahead,Edoardo Ponti,11/13/20,2020,95 min,Dramas
s493,TV Show,The Minions of Midas,Mateo Gil,11/13/20,2020,1 Season,Crime TV Shows
s494,Movie,A Very Special Love,Cathy Garcia-Molina,11/12/20,2008,107 min,International Movies
s495,Movie,First Love,Paul Soriano,11/12/20,2018,123 min,Dramas
s496,Movie,Fruitvale Station,Ryan Coogler,11/12/20,2013,85 min,Dramas
s497,Movie,Ludo,Anurag Basu,11/12/20,2020,150 min,Comedies
s498,Movie,Memories of a Teenager,Lucas Santa Ana,11/12/20,2019,97 min,Dramas
s499,Movie,Prom Night,Nelson McCormick,11/12/20,2008,88 min,Horror Movies
s500,TV Show,A Queen Is Born,Carla Barros,11/11/20,2020,1 Season,International Movies
s501,Movie,What We Wanted,Ulrike Kofler,11/11/20,2020,93 min,Dramas
s502,Movie,Citation,Kunle Afolayan,11/6/20,2020,151 min,Dramas
s503,Movie,Girl's Revenge,Weica Wang,11/6/20,2020,82 min,Dramas
s504,Movie,The Late Bloomer,Kevin Pollak,11/6/20,2016,95 min,Comedies
s505,Movie,A New York Christmas Wedding,Otoja Abit,11/5/20,2020,90 min,Dramas
s506,Movie,Alone/Together,Antoinette Jadaone,11/5/20,2019,103 min,Dramas
s507,TV Show,Carmel: Who Killed Maria Marta?,Alejandro Hartmann,11/5/20,2020,1 Season,Crime TV Shows
s508,Movie,Midnight at the Magnolia,Maxwell McGuire,11/5/20,2020,87 min,Comedies
s509,Movie,One More Try,Ruel S. Bayani,11/5/20,2012,102 min,Dramas
s510,Movie,Operation Christmas Drop,Martin Wood,11/5/20,2020,96 min,Children & Family Movies
s511,Movie,Christmas with a Prince,Justin G. Dyck,11/4/20,2018,86 min,Comedies
s512,Movie,Miss India,Narendra Nath,11/4/20,2020,136 min,Dramas
s513,Movie,Felix Lobrecht: Hype,Jan-Peter Horns,11/3/20,2020,60 min,Stand-Up Comedy
s514,Movie,MOTHER,Tatsushi Omori,11/3/20,2020,127 min,Dramas
s515,Movie,The Beginning of Life,Estela Renner,11/3/20,2016,96 min,Documentaries
s516,Movie,Christmas Break-In,Michael Kampa,11/1/20,2019,87 min,Children & Family Movies
s517,Movie,Elliot the Littlest Reindeer,Jennifer Westcott,11/1/20,2018,90 min,Children & Family Movies
s518,Movie,Little Monsters,Richard Greenberg,11/1/20,1989,102 min,Children & Family Movies
s519,Movie,Mile 22,Peter Berg,11/1/20,2018,94 min,Action & Adventure
s520,Movie,Piercing,Nicolas Pesce,11/1/20,2018,81 min,Dramas
s521,Movie,Snowden,Oliver Stone,11/1/20,2016,134 min,Dramas
s522,Movie,The Impossible,J.A. Bayona,11/1/20,2012,114 min,Dramas
s523,Movie,The Next Karate Kid,Christopher Cain,11/1/20,1994,107 min,Action & Adventure
s524,Movie,Wheels of Fortune,Shaun Paul Piccinino,11/1/20,2020,107 min,Comedies
s525,TV Show,Afronta! Facing It!,Juliana Vicente,10/31/20,2017,1 Season,Docuseries
s526,Movie,The 12th Man,Harald Zwart,10/31/20,2018,130 min,Action & Adventure
s527,Movie,Hidden in Plain Sight,Stacia Crawford,10/30/20,2019,87 min,Dramas
s528,Movie,His House,Remi Weekes,10/30/20,2020,93 min,Horror Movies
s529,Movie,In Line,Tope Oshin,10/30/20,2017,114 min,Dramas
s530,Movie,Kaali Khuhi,Terrie Samundra,10/30/20,2020,91 min,Horror Movies
s531,Movie,Rogue City,Olivier Marchal,10/30/20,2020,116 min,Dramas
s532,Movie,The Day of the Lord,Santiago Alvarado Ilarri,10/30/20,2020,93 min,Horror Movies
s533,Movie,Pagpag: Nine Lives,Frasco Mortiz,10/29/20,2013,106 min,Horror Movies
s534,Movie,Holidate,John Whitesell,10/28/20,2020,105 min,Comedies
s535,Movie,Nobody Sleeps in the Woods Tonight,Bartosz M. Kowalski,10/28/20,2020,103 min,Horror Movies
s536,Movie,Secrets of the Saqqara Tomb,James Tovell,10/28/20,2020,114 min,Documentaries
s537,Movie,Sarah Cooper: Everything's Fine,Natasha Lyonne,10/27/20,2020,50 min,Comedies
s538,Movie,Ajab Prem Ki Ghazab Kahani,Rajkumar Santoshi,10/25/20,2009,150 min,Comedies
s539,Movie,Black '47,Lance Daly,10/24/20,2018,100 min,Action & Adventure
s540,Movie,I Am Woman,Unjoo Moon,10/24/20,2019,117 min,Dramas
s541,Movie,Alice Junior,Gil Baroni,10/23/20,2019,87 min,Comedies
s542,Movie,Over the Moon,Glen Keane,10/23/20,2020,100 min,Children & Family Movies
s543,Movie,Shattered Memories,Chris Sivertson,10/23/20,2018,86 min,Dramas
s544,Movie,Cadaver,Jarand Herdal,10/22/20,2020,87 min,Horror Movies
s545,Movie,Exes Baggage,Dan Villegas,10/22/20,2018,103 min,Dramas
s546,Movie,Fisherman's Friends,Chris Foggin,10/22/20,2019,112 min,Comedies
s547,Movie,The Hows of Us,Cathy Garcia-Molina,10/22/20,2018,120 min,Dramas
s548,Movie,The Hummingbird Project,Kim Nguyen,10/22/20,2018,111 min,Dramas
s549,Movie,"Yes, God, Yes",Karen Maine,10/22/20,2020,78 min,Comedies
s550,Movie,Brave Blue World: Racing to Solve Our Water Crisis,Tim Neeves,10/21/20,2020,51 min,Documentaries
